year,population
2016,66051.496
2017,66465.641
2018,66867.421
2019,67254.538
2020,67616.349
2021,67961.38
2022,68289.602
2023,68612.04
2024,68927.522
2025,69234.979
2026,69533.396
2027,69822.078
2028,70100.869
2029,70369.951
2030,70629.653
2031,70880.517
2032,71123.321
2033,71359.014
2034,71588.731
2035,71813.664
2036,72034.91
2037,72253.805
2038,72471.24
2039,72688.254
2040,72904.546
2041,73118.868
2042,73330.962
2043,73540.255
2044,73746.096
2045,73947.837
2046,74144.805
2047,74336.332
2048,74521.922
2049,74701.305
2050,74874.293
2051,75040.905
2052,75201.336
2053,75355.992
2054,75505.428
2055,75650.324
2056,75791.532
2057,75929.948
2058,76066.442
2059,76201.995
2060,76337.531
2061,76473.943
2062,76612.029
2063,76752.517
2064,76896.013
2065,77042.963
2066,77193.694
2067,77348.335
2068,77506.907
2069,77669.24
2070,77835.025
2071,78003.849
2072,78175.212
2073,78348.56
2074,78523.32
2075,78698.945
2076,78874.943
2077,79050.902
2078,79226.49
2079,79401.539
2080,79575.926
2081,79749.714
2082,79922.978
2083,80095.912
2084,80268.765
2085,80441.813
2086,80615.367
2087,80789.695
2088,80965.095
2089,81141.747
2090,81319.849
2091,81499.543
2092,81680.865
2093,81863.787
2094,82048.192
2095,82233.949
2096,82420.822
2097,82608.526
2098,82796.808
2099,82985.328
2100,83173.813
2101,83361.967
2102,83549.549
2103,83736.372
2104,83922.291
2105,84107.253
2106,84291.268
2107,84474.366
2108,84656.683
2109,84838.358
2110,85019.59
2111,85200.567
2112,85381.464
2113,85562.512
2114,85743.849
2115,85925.631
